<?xml version="1.0" encoding="UTF-8"?>
<files>
  <file name="2020 Super Baseball (U).zip" source="original">
    <mtime>1694615571</mtime>
    <size>626316</size>
    <md5>4101c378cd63d11fd64b5c3cdbdaf1d7</md5>
    <crc32>256bb7e2</crc32>
    <sha1>2085d61fff791eb3757bb8d8e225353d6de20e86</sha1>
    <format>ZIP</format>
    <filecount>1</filecount>
    <viruscheck>1694615965</viruscheck>
  </file>
  <file name="3 Ninjas Kick Back (U).zip" source="original">
    <mtime>1694615540</mtime>
    <size>1119892</size>
    <md5>d3d1b6d4f8cef453cd3766380331c3ed</md5>
    <crc32>b8204ed9</crc32>
    <sha1>a122f30ef332ca8bac795ae8180cb2fd92838a8e</sha1>
    <format>ZIP</format>
    <filecount>1</filecount>
    <viruscheck>1694615965</viruscheck>
  </file>
  <file name="__ia_thumb.jpg" source="original">
    <mtime>1694615627</mtime>
    <size>5007</size>
    <md5>36a2ccc70affc7b37d7514ed15100b90</md5>
    <crc32>e8aed87a</crc32>
    <sha1>434bf8139addbd507de654f6e3c3b5bbde8c0acb</sha1>
    <format>Item Tile</format>
    <rotation>0</rotation>
  </file>
  <file name="download-snes-romset-ultra-us_archive.torrent" source="metadata">
    <btih>f5666e6d9122b08e24b05e37fb12c0a60fe68790</btih>
    <mtime>1694847366</mtime>
    <size>2553</size>
    <md5>39e6e22d06bc41de46f56f88c33784b3</md5>
    <crc32>bb82d4fb</crc32>
    <sha1>7379011a96a3d52868a8731804e0ef77bb392577</sha1>
    <format>Archive BitTorrent</format>
  </file>
  <file name="download-snes-romset-ultra-us_files.xml" source="original">
    <format>Metadata</format>
    <md5>af3132401376b87ee44d853f9a2efa11</md5>
    <summation>md5</summation>
  </file>
  <file name="download-snes-romset-ultra-us_meta.sqlite" source="original">
    <mtime>1694615620</mtime>
    <size>32768</size>
    <md5>7a4b1cd680adf8019150eaf316922767</md5>
    <crc32>acd866ff</crc32>
    <sha1>4d2ebf7780da2ee8003af013a1be1e6ff7952885</sha1>
    <format>Metadata</format>
  </file>
  <file name="download-snes-romset-ultra-us_meta.xml" source="original">
    <mtime>1694847365</mtime>
    <size>2291</size>
    <md5>c3ccfb7e5c233790c27f0bc023dd462a</md5>
    <crc32>9cdd5619</crc32>
    <sha1>67bb86f488d1394ac16df8d8acd6fcf133309295</sha1>
    <format>Metadata</format>
  </file>
  <file name="download-snes-romset-ultra-us_reviews.xml" source="original">
    <mtime>1694729443</mtime>
    <size>547</size>
    <md5>02a47943559afdffb32a150a0860bcd3</md5>
    <crc32>ef21bb61</crc32>
    <sha1>2be39afc03585afbc05491da049abbe02195eeb5</sha1>
    <format>Metadata</format>
  </file>
  <file name="snes.png" source="original">
    <mtime>1694615575</mtime>
    <size>296849</size>
    <md5>8a18a07ccc1d01266dccbdfc8350173d</md5>
    <crc32>b6a3bd13</crc32>
    <sha1>e559e30d785b0cfa06541402d7328251188b9564</sha1>
    <format>PNG</format>
  </file>
  <file name="snes_thumb.jpg" source="derivative">
    <format>JPEG Thumb</format>
    <original>snes.png</original>
    <mtime>1694616356</mtime>
    <size>5596</size>
    <md5>6e0372566716e16da2c86f02488ebf3a</md5>
    <crc32>ec4d3529</crc32>
    <sha1>1115d3fb53b8811e2f947aaf66dd88a8f820d515</sha1>
  </file>
</files>
