<?xml version="1.0" encoding="UTF-8"?>
<metadata>
  <identifier>download-snes-romset-ultra-us</identifier>
  <mediatype>data</mediatype>
  <collection>opensource_media</collection>
  <creator>snes</creator>
  <date>1991</date>
  <description>&lt;div&gt;&lt;span style="color:rgb(44,44,44);font-family:'Helvetica Neue', Helvetica, Arial, sans-serif;font-size:30px;background-color:rgb(255,255,255);"&gt;DOWNLOAD &lt;/span&gt;&lt;h1 class="entry-title" style="border:0px;margin:0px;padding:0px;font-family:'Open Sans', sans-serif;font-size:40px;line-height:1.2em;color:rgb(58,58,58);background-color:rgb(255,255,255);"&gt;&lt;span style="font-weight:300;"&gt;👉&lt;/span&gt;&lt;span style="color:rgb(44,44,44);font-family:'Helvetica Neue', Helvetica, Arial, sans-serif;font-size:30px;background-color:rgb(255,255,255);"&gt;&lt;a href="https://androstalker.com/snes-roms-pack/" rel="nofollow"&gt;SNES Romset&lt;/a&gt; Ultra (U) Pack&lt;/span&gt;&lt;/h1&gt;&lt;/div&gt;&lt;div&gt;&lt;br /&gt;&lt;/div&gt;&lt;div&gt;&lt;span style="color:rgb(44,44,44);font-family:'Helvetica Neue', Helvetica, Arial, sans-serif;font-size:14px;background-color:rgb(255,255,255);"&gt;SAVE the SNES USA Releases with New SNES Games updated regularly&lt;/span&gt;&lt;br /&gt;&lt;/div&gt;&lt;div&gt;&lt;br /&gt;&lt;/div&gt;&lt;div&gt;snes, super nes, super nintendo, usa, nintendo, rom, roms, romset, rom set, nintendo, super nintendo entertainment system, nintendo snes&lt;br /&gt;&lt;/div&gt;</description>
  <language>eng</language>
  <scanner>Internet Archive HTML5 Uploader 1.7.0</scanner>
  <subject>snes</subject>
  <subject>super nes</subject>
  <subject>super nintendo</subject>
  <subject>usa</subject>
  <subject>nintendo</subject>
  <subject>rom</subject>
  <subject>roms</subject>
  <subject>romset</subject>
  <subject>rom set</subject>
  <subject>nintendo</subject>
  <subject>super nintendo entertainment system</subject>
  <subject>nintendo snes</subject>
  <title>SNES Romset Ultra (U) PACK</title>
  <uploader>blubb72@cmpschools.org</uploader>
  <publicdate>2023-09-13 14:32:56</publicdate>
  <addeddate>2023-09-13 14:32:56</addeddate>
  <curation>[curator]validator@archive.org[/curator][date]20230913143925[/date][comment]checked for malware[/comment]</curation>
  <year>1991</year>
</metadata>
