<?xml version="1.0" encoding="UTF-8"?>
<reviews itemIdentifier="download-snes-romset-ultra-us">
  <review>
    <reviewtitle>Thanks</reviewtitle>
    <reviewbody>Thanks from
Rateforffives,casa</reviewbody>
    <stars>5</stars>
    <reviewer>march1925march</reviewer>
    <reviewdate>2023-09-14 22:04:18</reviewdate>
    <createdate>2023-09-14 22:04:18</createdate>
    <reviewer_itemname>@march1925march_forffives_casa</reviewer_itemname>
  </review>
  <info>
    <num_reviews>1</num_reviews>
    <avg_rating>5.00</avg_rating>
  </info>
</reviews>
