<?xml version="1.0" encoding="UTF-8"?>
<cartridge region="NTSC">
  <rom>
    <map mode='linear' address='00-3f:8000-ffff' offset='400000'/>
    <map mode='linear' address='40-7d:8000-ffff' offset='600000'/>
    <map mode='linear' address='80-ff:8000-ffff' offset='000000'/>
  </rom>
  <ram size='2000'>
    <map mode='linear' address='70-7d:0000-7fff'/>
    <map mode='linear' address='f0-ff:0000-7fff'/>
  </ram>

  <msu1>
    <map address="00-3f:2000-2007"/>
    <map address="80-bf:2000-2007"/>
    <mmio>
      <map address="00-3f:2000-2007"/>
      <map address="80-bf:2000-2007"/>
    </mmio>
  </msu1>
</cartridge>
